Network,Message URL,Profile,Date,Message,Type,Content Type,Followers,Engagements,Location,Likes,Dislikes,Comments,Shares,Theme
Twitter,https://twitter.com/griego_tragico/statuses/1531845874816626689,griego_tragico,5/31/2022 11:51 pm,"DefiniciÃ³n de innecesario:Que le den un trabajo a una actriz negra | QT: De ninguna manera  soy racista, pero esto me parece innecesario https://t.co/5KVnONmlx2",Message,Text Only,1010,0,"Colonia del Valle, Mexico City, Mexico",0,0,0,0,
Twitter,https://twitter.com/tori_noticias/statuses/1531843221478731776,tori_noticias,5/31/2022 11:40 pm,Espectacular la respuesta de @fernandeznorona  frente a los insultos clasistas de la oposiciÃ³n. https://t.co/K0cbtlldpb,Message,Video,1216,0,Mexico,0,0,0,0,
Twitter,https://twitter.com/varamburucano/statuses/1531835653541048320,varamburucano,5/31/2022 11:10 pm,"Â¡Ya al aire! | QT: ğŸ”´ #EnVivoâ€‹ | Ya inicia #EconomÃ­aConSazÃ³n por @Capital_21.  Racismo en MÃ©xico. ğŸ‘©ğŸ¼ğŸ‘¨ğŸ¿ğŸ‘©ğŸ»â€ğŸ¦°ğŸ‘¨ğŸ¾â€ğŸ¦³

Lo degustamos en la mesa de @varamburucano con @LaMZapata, @xolmarie y @taloaria.

https://t.co/GtGuYEJrVk",Message,Text Only,7527,0,"Colonia del Valle, Mexico City, Mexico",0,0,0,0,
Twitter,https://twitter.com/varamburucano/statuses/1531835579226370049,varamburucano,5/31/2022 11:10 pm,"Â¡Ya al aire? | QT: ğŸ”´ #EnVivoâ€‹ | Ya inicia #EconomÃ­aConSazÃ³n por @Capital_21.  Racismo en MÃ©xico. ğŸ‘©ğŸ¼ğŸ‘¨ğŸ¿ğŸ‘©ğŸ»â€ğŸ¦°ğŸ‘¨ğŸ¾â€ğŸ¦³

Lo degustamos en la mesa de @varamburucano con @LaMZapata, @xolmarie y @taloaria.

https://t.co/GtGuYEJrVk",Message,Text Only,7527,0,"Colonia del Valle, Mexico City, Mexico",0,0,0,0,
Twitter,https://twitter.com/zombiedarkelf/statuses/1531828510574006272,zombiedarkelf,5/31/2022 10:42 pm,"JonathanMoonens @LillyTellez O sea, le agradeces por llevar el clasismo y el racismo a la cÃ¡mara de diputados? Sin olvidar el desprecio por el derecho a decidir de la mujer ğŸ¤¦ğŸ¾",Mention,Text Only,243,0,Mexico,0,0,0,0,GÃ©nero
Instagram,https://www.instagram.com/p/CePwtXSuNAs/,,5/31/2022 10:41 pm,"ğŸ‘‰Lo Ãºltimo: ya estÃ¡ disponible el nuevo libro de Byung-Chul Han.
-
La #digitalizaciÃ³n avanza inexorablemente. Aturdidos por el frenesÃ­ de la comunicaciÃ³n y la informaciÃ³n, nos sentimos impotentes ante el tsunami de datos que despliega fuerzas destructivas y deformantes. Hoy la digitalizaciÃ³n tambiÃ©n afecta a la esfera polÃ­tica y provoca graves trastornos en el proceso democrÃ¡tico.
-
â­PuntuaciÃ³n: 5/5
-
Libro completamente nuevo y disponible con envÃ­o inmediato a cualquier parte de #venezuela 
-
Pregunta sin compromiso por opciones de pago y forma de envÃ­o enviÃ¡ndonos un DM o por los siguientes medios:

âœ‰ï¸ libros.mnemosine@gmail.com

ğŸ“+51947209683

-
Las salidas son todos los lunes y el tiempo de trÃ¡nsito son 15 dÃ­as hÃ¡biles (sin tomar en cuenta circunstancias sobrevenidas)
-
#infocracoa #taurus #venezuela #libros #librosvenezuela #vzla #libreria #envio #novedades #recomendado #lectura #domingo #caracas #valencia #maracaibo #maturin #pzo #margarita #merida #maracay #maracaibo #racismo #filosofia #byungchulhan",Message,Photo,0,7,,7,0,0,0,
Twitter,https://twitter.com/Yahuacajorge2/statuses/1531822953217765376,Yahuacajorge2,5/31/2022 10:20 pm,"No mamen este gÃ¼ey parece cruza de gringos , miren sus facciones de Racista , | QT: #Guanajuato Por ""prietas"" y ""chaparras"", edil priÃ­sta margina a ambulantes.

Las mujeres tienen permiso hace dÃ©cadas.
@MauricioTrejoP afirma que dan mala imagen en San Miguel de Allende. Me paso por el arco del triunfo sus demandas, les dijo el alcalde.
https://t.co/Pp1Ylm9zEh https://t.co/FSt4HZyGc7",Message,Text Only,560,0,Mexico,0,0,0,0,GÃ©nero
Twitter,https://twitter.com/Iosef34254305/statuses/1531821304189526017,Iosef34254305,5/31/2022 10:13 pm,"La neta el changoleon te puso una madriza @LillyTellez
Ahora responde con argumentos y no con insultos, | QT: Espectacular la respuesta de @fernandeznorona frente a los insultos clasistas de la oposiciÃ³n. https://t.co/QzQSu1aubH",Message,Text Only,84,0,Mexico,0,0,0,0,
Twitter,https://twitter.com/ing_efrain/statuses/1531819068340199430,ing_efrain,5/31/2022 10:05 pm,"Buscan a toda costa descarrilar a @fernandeznorona 

Le tienen pÃ¡nico a que su proyecto presidencial se logre.

No vayas a caer en la provocaciÃ³n compaÃ±ero.

Muchos estamos contigo.

Cuando te insultan a ti nos insultan a toda la clase trabajadora.

Â¡Son tan clasistas! | QT: Hoy la sesiÃ³n de la ComisiÃ³n Permanente en el @senadomexicano demuestra la enorme hipocresÃ­a de la derecha: violenta, racista y clasista; usan la provocaciÃ³n y la injuria como su argumento para el â€œdebateâ€.",Message,Text Only,1083,0,"Guadalajara, Jalisco, Mexico",0,0,0,0,
Twitter,https://twitter.com/_damianrangel/statuses/1531801115909664769,_damianrangel,5/31/2022 8:53 pm,A nada de disfrutar @distorsionmex en Teatro Xola Julio Prieto https://t.co/rmebNvn9Xm,Message,Link,37,0,"Benito Juarez, Mexico City, Mexico",0,0,0,0,
Twitter,https://twitter.com/ElGuaposaurio/statuses/1531796329831227393,ElGuaposaurio,5/31/2022 8:34 pm,"Esa ya habÃ­a tenido pedos por racista, que no?",Message,Text Only,8202,0,"Cuauhtemoc, Mexico City, Mexico",0,0,0,0,
Twitter,https://twitter.com/prjass1970/statuses/1531796040277446656,prjass1970,5/31/2022 8:33 pm,"BELLATRIX_RAZO como a hay que, me pregunto yo ???
@diegosinhue | QT: Edil priista de San Miguel Allende impide vender a ambulantes por â€œprietasâ€ y â€œfeasâ€
https://t.co/21SFNr4i55 https://t.co/gGFrkcZtMg",Mention,Text Only,227,0,"San Francisco del Rincon, Guanajuato, Mexico",0,0,0,0,
Instagram,https://www.instagram.com/p/CePc2A2No-X/,,5/31/2022 7:47 pm,"La violencia que se ejerce por nuestros cuerpos es real y nos destruye a diario. 

Si queremos un mundo justo, es necesario hablar sobre esto. 

#DiversasLatam #DiversasPR #DiversidadCorporal #DiversidadFuncional #Racismo #Transfobia #bodyshaming",Message,Photo,0,10,,10,0,0,0,
Twitter,https://twitter.com/Jess44099828/statuses/1531782316384722947,Jess44099828,5/31/2022 7:38 pm,LillyTellez EstÃ¡ clasista rasista traidora no sabe hacer otra cosa que ridÃ­culo mÃ¡s ridÃ­culo ni una propuesta solo no no no no no opciÃ³n totalmente derrotada,Mention,Text Only,1109,0,"Miguel Hidalgo, Mexico City, Mexico",0,0,0,0,
Twitter,https://twitter.com/FernandoRabeloH/statuses/1531774660727263232,FernandoRabeloH,5/31/2022 7:08 pm,"migue_vargas @SChecoPerez @FelipeCalderon Solo envidiosos, resentidos sociales, estupidos fracasados piensan en establecer una campaÃ±a en contra de @SChecoPerez, Ã©l ha sido exitoso y tiene toooodo el derecho a disfrutar de sus Ã©xitos. Los envidiosos que CHSM",Mention,Text Only,813,0,"Villahermosa, Tabasco, Mexico",0,0,0,0,Backlash
Twitter,https://twitter.com/pinello13/statuses/1531772338223697920,pinello13,5/31/2022 6:59 pm,"Que horror la Sirena esa, puro Jalisco | QT: BTW este idiota se estÃ¡ defendiendo en sus space pendejo y diciendo cosas aÃºn peores.

PerdÃ³n imbecil pero que te digan â€œmusculocaâ€ no es una discriminaciÃ³n, racista de mierda.",Message,Text Only,723,0,"Miguel Hidalgo, Mexico City, Mexico",0,0,0,0,
Twitter,https://twitter.com/Luis_HyCastillo/statuses/1531765507765850113,Luis_HyCastillo,5/31/2022 6:32 pm,"jvaimetal @denirocaine @delfanparaelfan @starwars Racismo, racismo, racismo! Ya todo es racismo. https://t.co/rgmCzQBeTw",Mention,Photo,100,0,"Toluca, MÃ©xico, Mexico",0,0,0,0,
Twitter,https://twitter.com/Huevoideas1/statuses/1531763670547668993,Huevoideas1,5/31/2022 6:24 pm,"poeterapia2 @catrina_nortena No es la misma seÃ±ora que habla de discriminaciÃ³n

Se estÃ¡ ahogando , vean la manera en la que grita.
Cuando uno grito es que estÃ¡ muy lejos de las personas.

Y ella cada dÃ­a la notamos menos",Mention,Text Only,6,0,"Aguascalientes, Aguascalientes, Mexico",0,0,0,0,
Twitter,https://twitter.com/DanielM27971565/statuses/1531762119577935877,DanielM27971565,5/31/2022 6:18 pm,"Si les molesta que el hada (que tal vez aparezca como mÃ¡ximo 3 veces) sea negra es porque eres RACISTA, punto. https://t.co/Y1R0Uk4pDE",Message,Photo,37,0,Mexico,0,0,0,0,
Twitter,https://twitter.com/gnajjjj/statuses/1531754485172817927,gnajjjj,5/31/2022 5:48 pm,"Un bully en toda la extensiÃ³n. Aparentemente valiente para pegar, pero un cobarde de antologÃ­a si le responden en el mismo grado en que Ã©l ataca. | QT: Hoy la sesiÃ³n de la ComisiÃ³n Permanente en el @senadomexicano demuestra la enorme hipocresÃ­a de la derecha: violenta, racista y clasista; usan la provocaciÃ³n y la injuria como su argumento para el â€œdebateâ€.",Message,Text Only,1773,0,"Cuauhtemoc, Mexico City, Mexico",0,0,0,0,
Twitter,https://twitter.com/ChrisMty2021/statuses/1531753372373630976,ChrisMty2021,5/31/2022 5:43 pm,"plumajenegro @rosifressita @GALA__Shifu Claro, vamos a tapar el problema callando al indio, lo mÃ¡s incoherente de ese discurso discriminatorio que lo disfrazan de eleccion, y no lo digo por ella, para que no empiezes, es que terminan de padrastros y madrastras, varias veces,",Mention,Text Only,309,0,"Apodaca, Nuevo LeÃ³n, Mexico",0,0,0,0,Origen cultural
Twitter,https://twitter.com/alejandrojasso8/statuses/1531753241490472960,alejandrojasso8,5/31/2022 5:43 pm,"FedericoArreola @FelipeCalderon Aparte de resentido, envidioso y webÃ³n hay que agregarle que tambiÃ©n es â€œchismoso y cizaÃ±osoâ€ğŸ¤£ğŸ¤£, ah que DoÃ±a Federica Arriola tan pendej@ ..!!",Mention,Text Only,1075,0,Mexico,0,0,0,0,Backlash
Twitter,https://twitter.com/Jpneira2000/statuses/1531752928909860866,Jpneira2000,5/31/2022 5:42 pm,"EspacioStarWars A mi en lo personal, esos personajes no se me hicieron muy bien desarrollados, pero no es nada en contra de los actores o su origen Ã©tnico.

Que triste que haya gente que trata de esconder su racismo con una crÃ­tica de storytelling.",Mention,Text Only,203,0,"Guadalajara, Jalisco, Mexico",0,0,0,0,
Twitter,https://twitter.com/AdrianBarriosG/statuses/1531752438683910145,AdrianBarriosG,5/31/2022 5:40 pm,"Se molesta el diputado que mÃ¡s apodos pone a la oposiciÃ³n pero en cuanto le dicen algo se siente ofendidoâ€¦ el que se lleva se aguanta, se sabe que un legislador muy preparado pero ciertas actitudes mancha lo demÃ¡s. | QT: Hoy la sesiÃ³n de la ComisiÃ³n Permanente en el @senadomexicano demuestra la enorme hipocresÃ­a de la derecha: violenta, racista y clasista; usan la provocaciÃ³n y la injuria como su argumento para el â€œdebateâ€.",Message,Text Only,281,0,"Miguel Aleman (La Doce), Sonora, Mexico",0,0,0,0,
Instagram,https://www.instagram.com/tv/CePN2Mhjb0W/,,5/31/2022 5:38 pm,"CapÃ­tulo 4: La #DiscriminaciÃ³n, en este vÃ­deo se busca representar a la discriminaciÃ³n y demostrar que se puede dar a cualquier edad y por diversas razones, que las personas que la viven reciben tratos desfavorables en situaciones incÃ³modas solo por pertenecer a cierto grupo determinado.

#comunicaresmejorar #educaciÃ³n #educaciÃ³ndecalidad #redessociales #discriminaciÃ³n #ciberacosoescolar #privacidad #identidaddigital #educaciondigital #educarenvalores #educarenigualdad #buenusodelasredessociales #todossomosiguales #diversidad #nomÃ¡sracismo #racismo",Message,Video,0,49,,45,0,4,0,
Twitter,https://twitter.com/DraMelendrez/statuses/1531751495644786689,DraMelendrez,5/31/2022 5:36 pm,"fernandeznorona Que nivel tan bajo de esa golpista clasista racista facista de ultraderecha, Gerardo deberÃ­a haber un acuerdo que no se falten al respeto y multarlos para que no haya ese nivel tan bajo Usted muy bien solo que no aguantan.",Mention,Text Only,80,0,Mexico,0,0,0,0,
Twitter,https://twitter.com/ValjeanJean69/statuses/1531751050029547520,ValjeanJean69,5/31/2022 5:34 pm,"OiseauAguilera Son de naturaleza belicosa, supremacista y racista, van por la revancha, la tercera ğŸ˜±ğŸ˜±ğŸ˜±â˜ ï¸â˜ ï¸â˜ ï¸",Mention,Text Only,225,0,"Morelia, MichoacÃ¡n, Mexico",0,0,0,0,
Twitter,https://twitter.com/MarioGo14952349/statuses/1531750726140981250,MarioGo14952349,5/31/2022 5:33 pm,FedericoArreola P**ch* envidioso resentido y cual es el pedo,Mention,Text Only,404,0,Mexico,0,0,0,0,Backlash
Instagram,https://www.instagram.com/p/CePNKhwuHPp/,,5/31/2022 5:30 pm,"El Tribunal Superior del Distrito Judicial de Cartagena acaba de confirmar el fallo de tutela contra el Hotel Cartagena Plaza por el acto de discriminaciÃ³n contra VÃ­ctor Padilla. Terrible que el Hotel Cartagena Plaza, desubicado frente a su falta haya pretendido impugnar el fallo inicial, demuestra la gravedad de su racismo estructural. En una cultura racista y clasista lamentablemente estas situaciones se presentan, pero es doblemente grave que no se aproveche por parte del hotel para hacer una autocrÃ­tica, una reflexiÃ³n seria que les permita mejorar y modificar estas prÃ¡cticas. Menospreciar a una persona por sus caracterÃ­sticas Ã©tnicas es gravÃ­simo para una empresa que presta este tipo de servicio, pues imagÃ­nense lo que significarÃ­a que la comunidad afro estadounidense o del caribe insular, o afro europea tuvieran conocimiento de estas implicaciones al elegir este hotel como posible hospedaje. Es probable que a una plataforma como Tripadvisor le sea Ãºtil esta informaciÃ³n para ubicar a los viajeros. Yo esperarÃ­a que el hotelcartagenaplaza busque espacios de reflexiÃ³n mÃ¡s allÃ¡ de solicitud de disculpas pÃºblicas ordenadas por un juez (poco creÃ­bles considerando este intento de impugnaciÃ³n que fallÃ³ en derecho nuevamente a favor de la vÃ­ctima) Felicitaciones a VÃ­ctor Padilla por su lucha y al abogado kriss_urueta por permitir que el ejercicio del derecho sea el camino para la dignidad humana. âœŠğŸ½ #cartagena #racism #hotelcartagenaplaza #blacklivesmatter #colombia #tutela #humanrights #racismo #hotel",Message,Photo,0,45,,41,0,4,0,
Twitter,https://twitter.com/gonzalo_demesa/statuses/1531749778920554499,gonzalo_demesa,5/31/2022 5:29 pm,"Que feas personas son. 

Â¡Â¿Por quÃ© sacan de contexto su racismo?! ğŸ˜‚ | QT: QuÃ© chistoso que lleguen a un nivel de susceptibilidad tan excesivo que todo lo saquen de contexto a conveniencia de sus opiniones. Analicen bien las palabras de las personas y si realmente ven una inconformidad fuera de lugar,adelante.",Message,Text Only,2208,0,"Las Pintitas, Jalisco, Mexico",0,0,0,0,
Twitter,https://twitter.com/LupitaLeal_/statuses/1531749320931819520,LupitaLeal_,5/31/2022 5:27 pm,"En ComisiÃ³n de AtenciÃ³n a Personas con Discapacidad ğŸ§‘â€ğŸ¦¯ğŸ‘©ğŸ»â€ğŸ¦¼ en el @CongresoPue votamos a favor ğŸ™‹â€â™€ï¸ para Prevenir y Elimiar la DiscriminaciÃ³n en #Puebla, tambiÃ©n solicitÃ© una reuniÃ³n con personas con discapacidad para hablar sobre Ley de Movilidad y Seguridad Vial ğŸ“„#MovilidadOrgÃ¡nica https://t.co/fhqQCYgVPQ",Message,Photo,5892,9,"Casa Blanca, Puebla, Mexico",5,0,0,4,
Twitter,https://twitter.com/BonRodrigo/statuses/1531746701631012865,BonRodrigo,5/31/2022 5:17 pm,"Sin mencionar los j*tos que se quejaron por el cartel de la marcha del orgullo y todo esto un dÃ­a antes de empezar el mes del pride, que bonita comunidad ğŸ˜”ğŸ«¤ğŸ™„ğŸ’” | QT: Ya arrastramos a una Drag bien bruta, a jotxs edadistas, a periodistas de espectÃ¡culos racistas, a la generaciÃ³n de â€œcementoâ€ que no aguanta nada. 

Hoy ha sido un dÃ­a muy ocupado en Gay Twitter MÃ©xico â„¢ï¸ 

Los dejo, en la noche me cuentan en quÃ© vamos.",Message,Text Only,874,0,"Cuauhtemoc, Mexico City, Mexico",0,0,0,0,Sexodiversidad
Twitter,https://twitter.com/julietaetznab/statuses/1531744151724707840,julietaetznab,5/31/2022 5:07 pm,"La Jornada: ""Por prietas y feas"", edil priÃ­sta no deja vender a mujeres en San Miguel de Allende.

AsÃ­ son los polÃ­ticos del McPRIAN en Guanajuato. 
 https://t.co/OjD3tfFTEs",Message,Link,23777,58,"Cuauhtemoc, Mexico City, Mexico",36,0,2,20,GÃ©nero
Twitter,https://twitter.com/LaloMadrigay/statuses/1531743518212902912,LaloMadrigay,5/31/2022 5:04 pm,"Cuando el Drag no es polÃ­tico y es solo exhibiciÃ³n del propio racismo. | QT: Una preguntita Disney, nmas pa saber â€¦ entonces todos los personajes van a ser negros ya vdd",Message,Text Only,383,0,"Xochimilco, Mexico City, Mexico",0,0,0,0,
Twitter,https://twitter.com/vmorav/statuses/1531739996952084489,vmorav,5/31/2022 4:50 pm,"SeÃ±or? Es un puta naco! | QT: El seÃ±or @fernandeznorona se la ha pasado toda su vida poniendo apodos, pisoteando a quien piensa distinto y confrontando a personas que considera inferiores. Hoy la senadora @LillyTellez se refiriÃ³ a Ã©l como #Changoleon y obvio se molestÃ³. Grande Lilly 

https://t.co/Kn6qYN6ret",Message,Text Only,1146,0,"San Francisco Acuautla, MÃ©xico, Mexico",0,0,0,0,Odio
Twitter,https://twitter.com/AlexValois7/statuses/1531738970077417472,AlexValois7,5/31/2022 4:46 pm,La vida de nosotros los prietos nunca ha sido fÃ¡cil. ğŸ‡²ğŸ‡½ğŸ˜•ğŸ¤·ğŸ»â€â™‚ï¸,Message,Text Only,21,0,"Xochitepec, Morelos, Mexico",0,0,0,0,
Twitter,https://twitter.com/asleysolis/statuses/1531734035122245635,asleysolis,5/31/2022 4:27 pm,"Luego se enojan cuando se les dice racistas | QT: Una preguntita Disney, nmas pa saber â€¦ entonces todos los personajes van a ser negros ya vdd",Message,Text Only,894,0,"Guadalajara, Jalisco, Mexico",0,0,0,0,
Instagram,https://www.instagram.com/tv/CePFPbBBoOZ/,,5/31/2022 4:23 pm,"La dualidad animalidad/humanidad es una construcciÃ³n arcaica y eurocÃ©ntrica definida por las sociedades de 1700, quienes definieron la animalidad como todo aquello que es despreciable para la moral y asÃ­ separarnos como especie y tambiÃ©n por razas con una intenciÃ³n supremacista de la blanquitud. Esta concepciÃ³n debe desaparecer junto con la percepciÃ³n humana instrumentalista y fascista sobre el resto de lxs animales.

Reflexionemos juntxs sobre la animalidad y cÃ³mo es que hemos convertido la palabra ""animal"" en un adjetivo y un significante carente de vida, resultando en la reproducciÃ³n de la violencia hacia lxs demÃ¡s animales.

Escucha esta cÃ¡psula completa, compÃ¡rtela y cuÃ©ntanos Â¿Ya habÃ­as reflexionado al respecto?

ciudadana660 
brigadaanimalmexico 

#Veganismo #antiespecismo #racismo #especie #raza #animalidad #humanidad #animales #antropocentrismo #interseccionalidad",Message,Video,0,4,,4,0,0,0,
Twitter,https://twitter.com/DIVERSIDADSEX21/statuses/1531728374128947201,DIVERSIDADSEX21,5/31/2022 4:04 pm,Seguimos capacitando y sensibilizado al cuerpo se seguridad Ciudadana de la @Alc_Iztapalapa para prevenir Actos de DiscriminaciÃ³n por LGBTFObias  #IztapalapaConDerechosPlenos @COPRED_CDMX https://t.co/c7Atjfr58g,Message,Photo,782,6,"Iztapalapa, Mexico City, Mexico",5,0,0,1,
Twitter,https://twitter.com/futurociudadano/statuses/1531727608957632512,futurociudadano,5/31/2022 4:01 pm,"CÃ³mo los refleja Reforma; su clasismo de siempre. | QT: En debate en la Permanente, la senadora panista @LillyTellez llamÃ³ varias veces ""changoleÃ³n"" al diputado @fernandeznorona ğŸ‘‡ https://t.co/oiL5scuYms",Message,Text Only,940,0,"Las Delicias, Baja California, Mexico",0,0,0,0,
Instagram,https://www.instagram.com/p/CePCqLDpqBQ/,,5/31/2022 3:59 pm,"ElÂ Instituto Nacional contra la DiscriminaciÃ³n, la Xenofobia y el Racismo (INADI)Â  presentarÃ¡ hoyÂ  la tercera ediciÃ³n del estudio que refleja las formas en que se expresa la discriminaciÃ³n en nuestro paÃ­s.

Karina Iummato,Â  Coordinadora de Investigaciones y Observatorios del INADI, en comunicaciÃ³n conÂ AsÃ­ Somos, brindÃ³ detalles sobre el relevamiento realizado junto a 23 Universidades de todo el paÃ­s.

Nota completa ğŸ‘‡
https://www.radionacional.com.ar/presentan-el-nuevo-mapa-nacional-de-la-discriminacion/ 

#inadi #mapadediscriminaciÃ³n ##xenofobia ##racismo #KarinaLummato #AsÃ­Somos #NacionalComodoro",Message,Photo,0,3,,3,0,0,0,
Twitter,https://twitter.com/varamburucano/statuses/1531721869895909378,varamburucano,5/31/2022 3:38 pm,"Que no les digan, que no les cuenten los seÃ±oritingos ğŸ§“ğŸ»ğŸ‘´ğŸ»ğŸ§‘ğŸ»â€ğŸ¦²de los medios hegemÃ³nicos que el racismo en MÃ©xico no existe.

Â¡CÃ³mo estarÃ¡n esos medios que los Ãºnicos sabores que nos ofrecen es un rancio liberalismoğŸ¤¢ o el fascismo racistağŸ¤®! | QT: Los Ãºnicos que creen que el racismo no existe en MÃ©xico, SON LOS RACISTAS. ğŸ« 

Lo degustamos en la mesa de @varamburucano con @LaMZapata, @xolmarie y @taloaria.

â°22:00h
â–¶ï¸@Capital_21 y redes sociales https://t.co/YRmG2fkHwJ",Message,Text Only,7526,14,"Colonia del Valle, Mexico City, Mexico",9,0,0,5,
Twitter,https://twitter.com/varamburucano/statuses/1531721236916625409,varamburucano,5/31/2022 3:36 pm,"Que no les digan, que no les cuenten los seÃ±oritingos ğŸ§“ğŸ»ğŸ‘´ğŸ»ğŸ§‘ğŸ»â€ğŸ¦²de los medios hegemÃ³nicos que el racismo en MÃ©xico no existe. | QT: Los Ãºnicos que creen que el racismo no existe en MÃ©xico, SON LOS RACISTAS. ğŸ« 

Lo degustamos en la mesa de @varamburucano con @LaMZapata, @xolmarie y @taloaria.

â°22:00h
â–¶ï¸@Capital_21 y redes sociales https://t.co/YRmG2fkHwJ",Message,Text Only,7526,0,"Colonia del Valle, Mexico City, Mexico",0,0,0,0,
Twitter,https://twitter.com/varamburucano/statuses/1531718080942030849,varamburucano,5/31/2022 3:23 pm,"Battle Royal de los titanesâ„¢ de la fachiza negacionista ğŸ¤¼ğŸªğŸ¿ğŸŸï¸ğŸ»

Â¡No se pierdan HOY @EconomiaSazon en donde @LaMZapata, @taloaria y @xol nos hablarÃ¡n, en serio, acerca del racismo EXISTENTE en MÃ©xico!

10 de la noche por @Capital_21 https://t.co/EWjJFNE5Rc",Message,Photo,7527,63,"Colonia del Valle, Mexico City, Mexico",46,0,8,9,
Instagram,https://www.instagram.com/p/CeO57cDOZrP/,,5/31/2022 2:42 pm,"ğŸ”¹El Instituto Nacional contra la DiscriminaciÃ³n, la Xenofobia y el Racismo (INADI) junto a 23 universidades publicas llevaron a cabo el Mapa Nacional contra la DiscriminaciÃ³n.
ğŸ”¹ Los tipos de discriminaciÃ³n sufrida por personas entre 18 y 74 aÃ±os fueron: racismo, diversidad corporal, ideologÃ­a, gÃ©nero, discapacidad, personas LGTBIQ+, religiÃ³n.
ğŸ”¹En la provincia, la discriminaciÃ³n, en primer lugar tuvo que ver con cuestiones estÃ©ticas, despuÃ©s obesidad y por Ãºltimo ideologÃ­a. 

#discriminaciÃ³n
#discriminacionracial
#ideologia 
#religiÃ³n 
#obesidad 
#racismo
#inadi",Message,Photo,0,4,,4,0,0,0,
Twitter,https://twitter.com/AbrahamVigil3/statuses/1531703345894785025,AbrahamVigil3,5/31/2022 2:25 pm,"Cuando pusieron Acuaman tatuado, cabello largo, piel mÃ¡s bronceada no dijeron nada, recuerdan que era rubio sin tanto mÃºsculo? El clÃ¡sico de pinocho ahÃ­ estÃ¡, saquen su dvd o vhs y vÃ©anlo. Es una nueva adaptaciÃ³n, se ven mal quejÃ¡ndose por un color de piel... | QT: PerdÃ³n pero ahora todos los personajes tienen que ser negros??? Todo bien con la actriz que interpreta al Hada azul, pero la inclusion forzada esta destruyendo lo clasicos... #Pinocchio https://t.co/Zqg7O1OrA7",Message,Text Only,518,0,"Venustiano Carranza, Mexico City, Mexico",0,0,0,0,
Twitter,https://twitter.com/CHEMARGUEZ/statuses/1531701445329833991,CHEMARGUEZ,5/31/2022 2:17 pm,"Si te quejas de las becas y los programas sociales eres #clasista, y si eres clasista, eres mucho menos chido de lo que crees. 
Los porquÃ©s te toca investigarlos a ti. 
De nada.",Message,Text Only,1880,0,"Tlahuac, Mexico City, Mexico",0,0,0,0,
Instagram,https://www.instagram.com/p/CeO23bUuOW2/,,5/31/2022 2:16 pm,"Agradecemos a quienes asistieron y sintonizaron la transmisiÃ³n en Facebook Live de la conferencia: EL RACISMO EN LATINOAMÃ‰RICA, a cargo de la escritora puertorriqueÃ±a Mayra Santos Febres. 
ğŸ¤
Desde la Universidad Del Valle propiciamos espacios crÃ­ticos y de reflexiÃ³n sobre las problemÃ¡ticas que afectan la ciudad y la regiÃ³n.
ğŸ‡¨ğŸ‡´
Encuentra la conferencia en nuestro perfil de Facebook.
ğŸ’»
#CVI #Colombia #Cali #Racismo #Latinoamerica #univalle",Message,Photo,0,5,,5,0,0,0,
Twitter,https://twitter.com/reycocol/statuses/1531689312147886083,reycocol,5/31/2022 1:29 pm,"MauricioTrejoP SerÃ¡s Australiana, pinche cara de chinto, shirgo y naco. Clasista de mierda.",Mention,Text Only,171,0,"Ecatepec, MÃ©xico, Mexico",0,0,0,0,Odio
Twitter,https://twitter.com/jesuso9/statuses/1531681489678741504,jesuso9,5/31/2022 12:58 pm,"Ruido acomplejado, ruido introvertido, ruido del pasado, desgastado ruido, ruido de conjuro, ruido malnacido, ruido tan oscuro, puro y duro ruido, ruido que me has hecho, ruido yo no he sido",Message,Text Only,349,0,"Merida, YucatÃ¡n, Mexico",0,0,0,0,
Twitter,https://twitter.com/cel_calvo/statuses/1531676453670207490,cel_calvo,5/31/2022 12:38 pm,"Marcela_Feraud @laugonzalezmx @Cuau100 @ClinicKneK Naco vulgar, hasta para ofender hay que tener inteligencia.",Mention,Text Only,16,0,"Colonia del Valle, Mexico City, Mexico",0,0,0,0,Odio
Twitter,https://twitter.com/Ivsala/statuses/1531662274120884224,Ivsala,5/31/2022 11:41 am,"Ni un voto mÃ¡s a estos ""dinosaurios"" ğŸ˜¤ğŸ˜¡ğŸ˜‘ğŸ¤¢ | QT: #Guanajuato Por ""prietas"" y ""chaparras"", edil priÃ­sta margina a ambulantes.

Las mujeres tienen permiso hace dÃ©cadas.
@MauricioTrejoP afirma que dan mala imagen en San Miguel de Allende. Me paso por el arco del triunfo sus demandas, les dijo el alcalde.
https://t.co/Pp1Ylm9zEh https://t.co/FSt4HZyGc7",Message,Text Only,208,0,"Cholula, Puebla, Mexico",0,0,0,0,GÃ©nero
Twitter,https://twitter.com/AndresHdz75/statuses/1531660197206319104,AndresHdz75,5/31/2022 11:33 am,"Simbelmynne @_The_Man_of_sex @GeekZoneGZ Hay que separar cuantos comentarios si son racistas y cuantos son hacia el personaje, porque si hay raza que confunde y por decir que no te gusta el personaje te tachan de lo peor. Hay enfermos en todos lados.",Mention,Text Only,343,0,"San Nicolas de los Garza, Nuevo LeÃ³n, Mexico",0,0,0,0,
Instagram,https://www.instagram.com/p/CeOkFZAMqCI/,,5/31/2022 11:31 am,"Se cumple 101 aÃ±os de la masacre racial de Tulsa. Entre el 31 de mayo y el 1 de junio de 1921, multitudes de blancos atacaron a ciudadan@s y negocios afroamericanos del distrito de Greenwood en Tulsa, Oklahoma, dejando a 300  personas muertas, casi mil heridas y 10.000 desplazadas. El detonante, un artÃ­culo de prensa acusando a un joven negro de un delito que no cometiÃ³. En Memoria de las VÃ­ctimas: Stop Racismo, Nunca MÃ¡s!

#MovimientocontralaIntolerancia #Diversidad #DerechosHumanos #Racismo #Tulsa #NuncaMÃ¡s #CrimendeOdio
#SÃ³loUnaRazalaRazaHumana #StopRacimo #Racism #StopRacism",Message,Photo,0,10,,10,0,0,0,
Twitter,https://twitter.com/BonRodrigo/statuses/1531654132737753096,BonRodrigo,5/31/2022 11:09 am,"â€œTodo bien con la actriz que interpreta al hada azul, PEROOOOOâ€ 
Â¿Â¿Â¿WTF con la gente??? 
Destruir clÃ¡sicos por un personaje de color en la trama, que horror la fragilidad y el racismo interiorizado de las personas. | QT: PerdÃ³n pero ahora todos los personajes tienen que ser negros??? Todo bien con la actriz que interpreta al Hada azul, pero la inclusion forzada esta destruyendo lo clasicos... #Pinocchio https://t.co/Zqg7O1OrA7",Message,Text Only,876,0,"Cuauhtemoc, Mexico City, Mexico",0,0,0,0,
Twitter,https://twitter.com/HECTORHBA/statuses/1531653889979727872,HECTORHBA,5/31/2022 11:08 am,"SegoOvbal Que se puede esperar de @SandraCuevas_  donde en su oficina no existe ni siquiera de adorno un libro.

AsÃ­ como sus libreros estÃ¡ su mente vacÃ­a y por enfrente sÃ³lo se percibe lo que es narcisista, clasista, razista e ignorante
Alc. CuauhtÃ©moc como nos dueles. 

@Lourdes52378548 https://t.co/p2FB1anqFm",Mention,Photo,1716,18,"Colonia Lindavista, MÃ©xico, Mexico",12,0,0,6,
Instagram,https://www.instagram.com/p/CeOgl6wgG01/,,5/31/2022 11:01 am,"ğŸ‰SEGUIMOS CON LOS ANUNCIOS... el prÃ³ximo martes dÃ­a 7 contaremos con un coloquio sobre racismo cotidiano y delitos de odio.

â“ Â¿QuÃ© estÃ¡ ocurriendo? Â¿Por quÃ© estÃ¡n incrementÃ¡ndose? 

ğŸ—£ En esta conversaciÃ³n hablaremos sobre estas cuestiones y nos haremos preguntas y aclaraciones sobre derechos y obligaciones. Un debate MÃS QUE NECESARIO en la sociedad en la que vivimos.

ğŸ¤Esta vez contaremos con Nora Quinteros de Cepaim y Carlos Franco de la PolicÃ­a Nacional.

ğŸ™‚ No es necesario inscribirse, entrada libre hasta completar aforo.

ğŸ‘ Â¡Os esperamos!
.
.
.
#racismo #delitosdeodios #aporofobia #infradenuncias #concienciacionsocial #abrirlosojos",Message,Photo,0,3,,3,0,0,0,Perfilamiento racial
Instagram,https://www.instagram.com/p/CeOeRV3r4-y/,,5/31/2022 10:41 am,"LA JUNTA ESCOLAR DEL CONDADO DE ST. JOHNS SE REÃšNE HOY PARA DISCUTIR SOBRE LOS CONTROVERTIDOS LIBROS

La Junta Escolar del Condado de St. Johns se reunirÃ¡ nuevamente este martes para discutir sobre los libros que los padres estÃ¡n tratando de sacar de las bibliotecas escolares.

Es parte de un mayor impulso de los padres conservadores en todo el estado para sacar libros sobre una variedad de temas controvertidos.

Los padres del distrito dicen que estos libros son inapropiados para los niÃ±os porque hablan de temas como la identidad de gÃ©nero, el racismo y la supremacÃ­a blanca.

Un comitÃ© estÃ¡ revisando cada uno para decidir si pertenecen a las bibliotecas escolares.

DespuÃ©s de un acalorado y emotivo debate en la Ãºltima reuniÃ³n, la junta escolar decidiÃ³ mantener siete libros controvertidos en los estantes de las bibliotecas del condado de St. Johns

#condadostjohns #escuelas #padres #controversia #libros Florida #jacksonville #racismo #diversidaddegenero #educacion #notijax",Message,Photo,0,2,,1,0,1,0,
Twitter,https://twitter.com/Jessed101202/statuses/1531646378438496257,Jessed101202,5/31/2022 10:38 am,Porque de ella anda el indio enamorado y muy triste porque no la eh vuelto a ver,Message,Text Only,267,0,"San Nicolas de los Garza, Nuevo LeÃ³n, Mexico",0,0,0,0,Origen cultural
Twitter,https://twitter.com/gustavofdelc/statuses/1531643993859170305,gustavofdelc,5/31/2022 10:29 am,"CarlaEUrenaA @pablo_majluf Lo peor es que  inicia con un planteamiento,  el profesor de ğŸ‡ºğŸ‡¸, a la niÃ±a SIN juzgarla por su color de piel ,sino por su IDIOMA, le dice que es Hispana ! Y la madre indignada pide que se le catalogue por su color de pielğŸ¤¦â€â™‚ï¸ Â¿no que no debemos catalogar por la apariencia? https://t.co/MXJPbcZqmw",Mention,Photo,2905,0,"Colonia del Valle, Mexico City, Mexico",0,0,0,0,
Instagram,https://www.instagram.com/p/CeOaknDrKr8/,,5/31/2022 10:08 am,"â€œOye esta vainaâ€
Veintisiete organizaciones sociales denunciaron este lunes que el Gobierno en la RepuÌblica Dominicana practica â€œviolencia racistaâ€ en contra de los inmigrantes haitianos y los dominicanos de tez negra.

En una rueda de prensa frente al Palacio Nacional, las entidades demandaron del Gobierno detener su â€œpoliÌtica de violacioÌnâ€ en contra de esas personas y pidieron que se respete el debido proceso al momento de las detenciones.

â€œNo estamos diciendo que a las personas en condicioÌn migratoria irregular se les deÌ permiso de vivir en situacioÌn irregular, sino que se agoten los debidos procesos para que estas personas no se vean violentadasâ€, expresoÌ Sheila BaÌez.

AmpliÌa esta nota en el enlace de la BIO.

#DiarioLibre #ActualidadDL #Violencia #Racismo #Haitianos
Foto: Dania Acevedo / Diario Libre",Message,Photo,0,15,,8,0,7,0,
Twitter,https://twitter.com/DRAKHULYA/statuses/1531633502860484611,DRAKHULYA,5/31/2022 9:47 am,"darpan_bodhi Y aunque casi siempre coincido contigo, en este caso. MC parece ir ""captando"" los votos resentidos con el resto de los partidos.",Mention,Text Only,1949,0,"Tesistan, Jalisco, Mexico",0,0,0,0,Backlash
Twitter,https://twitter.com/lorenacastanon/statuses/1531631477158465540,lorenacastanon,5/31/2022 9:39 am,"MarioOramas1 Mario, estoy en contra del Tren Maya. En contra del gobierno que da permisos a diestra y siniestra para construir hoteles a cadenas como RIU. Dicen que no es culpa del Indio si no el.que lo hace compadre. Saludos",Mention,Text Only,714,0,Mexico,0,0,0,0,Origen cultural
Twitter,https://twitter.com/rosalbapeca13/statuses/1531627376148459520,rosalbapeca13,5/31/2022 9:23 am,"No les creo a ustedes de seguro son boots pagados por la plataforma del hijo de Claudia Sheibaum | QT: @jorgeberry Creo que el resentido es usted, el estÃ¡ disfrutando con los grandes y ni se acuerda de usted y tu lloriquiando por dos letras",Message,Text Only,9,0,"Tlahuac, Mexico City, Mexico",0,0,0,0,Backlash
Twitter,https://twitter.com/FersiuusXXII/statuses/1531626076530696194,FersiuusXXII,5/31/2022 9:18 am,"Te amo, Tercera Hermana. â¤ï¸

#ObiWan #Reva | QT: Desde que saliÃ³ #ObiWan no han parado las quejas e insultos RACISTAS hacia #Reva y su actriz, Moses Ingram.

Hoy Ingram lo ha denunciado en Instagram y la cuenta de @starwars le ha defendido.

Que siga pasando esto es LAMENTABLE. Me pone muy triste.

Todo mi apoyo, Inquisidora â™¥ï¸ https://t.co/HjcA7xRnbL",Message,Text Only,942,0,"Cuauhtemoc, Mexico City, Mexico",0,0,0,0,
Twitter,https://twitter.com/maomelca/statuses/1531622985798406151,maomelca,5/31/2022 9:05 am,"GlodeJo07 LÃ³pez, saliÃ³ corregido y aumentado .
Pobre MÃ©xico con este resentido social ,  con decisiones tomadas desde las vÃ­sceras.",Mention,Text Only,498,0,Mexico,0,0,0,0,Backlash
Twitter,https://twitter.com/PepeMarquezMX/statuses/1531620341046444037,PepeMarquezMX,5/31/2022 8:55 am,"#MinatitlÃ¡n y la inclusiÃ³n, claro solo para algunos grupos. | QT: #MinatitlÃ¡n
Deportista  denunciÃ³ discriminaciÃ³n por personal del ayuntamiento de MinatitlÃ¡n. https://t.co/vPwAgp2l25",Message,Text Only,1307,0,Mexico,0,0,0,0,
Instagram,https://www.instagram.com/p/CeORwPtOnRc/,,5/31/2022 8:51 am,"Nicky Crane fue un famoso bonehead (skinhead neonazi) de las dÃ©cadas de 1970 y 1980. DespuÃ©s de estar en la cÃ¡rcel cuatro aÃ±os, cumpliendo sentencia por violencia, racismo y mando de un grupo de choque del British Movement, junto a Ian Stuart (lÃ­der de Skrewdriver, grupo de Rock Against Communism, RAC) formÃ³ en 1987 Blood & Honour, red clandestina ligada a la extrema derecha que promueve el fascismo y la supremacÃ­a blanca.

Este peligroso tipo que llevaba tatuajes arios en su piel, y quien realmente se llamaba Nicola Vincenzo Crane, se sabÃ­a muy poco sobre Ã©l. Realmente, en lo mÃ¡s fondo de su ser, reprimÃ­a su homosexualidad. Por lo mismo, era bastante normal  que un dÃ­a podÃ­a estar golpeando a antifascistas y personas de la comunidad negra, para el otro trabajar como bouncer del club S&M, estar filmando pelÃ­culas de porno gay, o apareciendo en videos de la banda vanguardista Psychic TV, como en el de la canciÃ³n Â«UncleanÂ».

En 1992, tratando de dejar atrÃ¡s su pasado neonazi, diÃ³ a conocer que era homosexual a travÃ©s de la televisiÃ³n del Reino Unido, para tratar de vivir en paz con su pareja que, parece ser, era judÃ­o.

Un aÃ±o despuÃ©s, 1993, muriÃ³ aparentemente de SIDA. No obstante, por lo que no se le puede olvidar, es porque en 1981 protagonizÃ³ la portada de Â«Strength thru oi!Â», compilado de street punk que Decca Records y la revista Sound editaron.

Para ese momento el periodista musical Garry Bushell, como otros involucrados en el lanzamiento del disco, no sabÃ­an que Nicky Crane estaba preso por sus actos vandÃ¡licos y su asociaciÃ³n con grupos peligrosos. Tampoco nadie habÃ­a notado sus provocativos e infames tatuajes. Y como todo estaba a marcha forzada, ya que el disco tenÃ­a fecha de salida y no podÃ­a retrasarse, la Ãºnica soluciÃ³n fue borrar la tinta del cuerpo de este tipo tan misterioso y confundido que, en su doble vida, fue e hizo de todo un poco; hasta de forma pÃ³stuma sirviÃ³ de inspiraciÃ³n para Â«Children of the sunÂ», novela debut de Max Schaefer. 

âœï¸ Javier Ibarra (cepheaisme).

ğŸ“¸ Martin Dead.

#revengeofthenerdsmagazine #nickycrane #strengththruoi #skinheads #boneheads #oimusic #streetpunk #deccarecords #racismo #homosexualidad",Message,Photo,0,90,,90,0,0,0,Sexodiversidad
Twitter,https://twitter.com/MARIA70392235/statuses/1531617678087147520,MARIA70392235,5/31/2022 8:44 am,"Va tuit | QT: @slechugavega Tienen un mismo sistema de pensamiento homogÃ©neo si. . . Y naco , sin clase. Mira que ir a pasearse a MÃ³naco para ""dar la imagen de su opulencia"" (wanbi) cuando a su secretario de seguridad le hacen una enciclopedia britÃ¡nica del crimen para EMPEZAR  a juzgarlo.  

Que ğŸ»  naco",Message,Text Only,840,0,"Colonia Lindavista, MÃ©xico, Mexico",0,0,0,0,Odio
Instagram,https://www.instagram.com/p/CeOQghcsodP/,,5/31/2022 8:40 am,"Veintisiete organizaciones sociales denunciaron este lunes que el Gobierno en la RepÃºblica Dominicana practica â€œviolencia racistaâ€ en contra de los inmigrantes haitianos y los dominicanos de tez negra.

En una rueda de prensa frente al Palacio Nacional, las entidades demandaron del Gobierno detener su â€œpolÃ­tica de violaciÃ³nâ€ en contra de esas personas y pidieron que se respete el debido proceso al momento de las detenciones.

â€œNo estamos diciendo que a las personas en condiciÃ³n migratoria irregular se les dÃ© permiso de vivir en situaciÃ³n irregular, sino que se agoten los debidos procesos para que estas personas no se vean violentadasâ€, expresÃ³ Sheila BÃ¡ez.

AmplÃ­a esta nota en el enlace de la BIO.

#DiarioLibre #ActualidadDL #Violencia #Racismo #Haitianos
Foto: Dania Acevedo / Diario Libre",Message,Photo,0,1092,,611,0,481,0,
Twitter,https://twitter.com/FERDESSAVRE/statuses/1531611708430512129,FERDESSAVRE,5/31/2022 8:21 am,"Lo voy a citar en idioma Chairo para ver si le entienden, â€œiren gentes atolizadasâ€ la cartita que el chido de la FÃA (no es tiendita de abarrotes, no es que te dejen llevar cositas y luego las pagas) le manda a quien considera mÃ¡s chido que el miserable indio enano de Macuspana | QT: âš«ï¸ Para todos los que siguen ardidos ahÃ­ les va otra vez este regalito https://t.co/kRAOzuMvUD",Message,Text Only,854,0,"Tesistan, Jalisco, Mexico",0,0,0,0,Origen cultural
Instagram,https://www.instagram.com/p/CeON60vMUxs/,,5/31/2022 8:18 am,"QuÃ© es fundamentalismo? Y tÃº me lo preguntas?

Nuevo articulo del doctor en periodismo, analista de medios y autor del #elesclavofeliz de secretolivo, Manuel Rodriguez Illana, sobre vox_es, el #racismo y el daÃ±o que estos causan en la sociedad #andaluza

Como siempre, agradecemos infinitamente a los que compartÃ­s y ayudais a difundir nuestra visiÃ³n de #andalucia

https://www.eldiario.es/andalucia/blogs/un-relato-andaluz/fundamentalismo-preguntas_132_9037222.html",Message,Photo,0,5,,5,0,0,0,
Instagram,https://www.instagram.com/p/CeONjv9IYYy/,,5/31/2022 8:15 am,"ğŸ§Â¿Conoces la diferencia entre #prejuicio #estereotipo?

Â¡AquÃ­ te lo explicamos! ğŸ‘‰ Los estereotipos tienen mÃ¡s relaciÃ³n con la parte cognitiva (lo que #pensamos) y en los prejuicios interviene ademÃ¡s la parte emocional (lo que #sentimos). 

Prejuicio â¡ï¸ #OpiniÃ³n que se forma sin el conocimiento necesario y previamente a conocer realmente a una persona.

Estereotipo â¡ï¸ Imagen mental que se nos forma en base a #creencias generalizadas sobre un determinado grupo de personas.

#Desactiva #Racismo #Xenofobia",Message,Photo,0,5,,5,0,0,0,
Twitter,https://twitter.com/estacagadomx/statuses/1531608789320970240,estacagadomx,5/31/2022 8:09 am,"g_ruba @ShelzyMx @PersonaNormal00 @DeniseDresserG No ha habido UNA sola respuesta sin agredir ni escupir groserÃ­as. Supongo que los acomplejados y enojados son otros. Le va a hacer daÃ±o tanta ira, MarÃ­a; salga al mundo real a respirar y sacÃºdase tanto odio. SaludosğŸ‘‹ğŸ»",Mention,Text Only,55,0,"Cuauhtemoc, Mexico City, Mexico",0,0,0,0,
Twitter,https://twitter.com/chamuquito/statuses/1531605961646948352,chamuquito,5/31/2022 7:58 am,"rayovirtual Esa es la razÃ³n del triunfo de LÃ³pez Obrador en MÃ©xico.

La gente querÃ­a venganza y votaron por el candidato resentido y amargado que llegÃ³ a destruir y vengarse, inclusive de aquellos que votaron por Ã©l

Lo mismo propone Petro, desgraciadamente eso proponen todos los populistas",Mention,Text Only,1351,0,"Tesistan, Jalisco, Mexico",0,0,0,0,Backlash
Instagram,https://www.instagram.com/p/CeNw4SQsj1W/,,5/31/2022 4:04 am,"ğŸ”Š ""ğ—§ğ—®ğ—¹ğ—¹ğ—²ğ—¿ ğ—±ğ—² ğ—¿ğ—²ğ—³ğ—¹ğ—²ğ˜…ğ—¶ğ—¼Ìğ—» ğ˜€ğ—¼ğ—¯ğ—¿ğ—² ğ—¹ğ—® ğ—±ğ—¶ğ˜€ğ—°ğ—¿ğ—¶ğ—ºğ—¶ğ—»ğ—®ğ—°ğ—¶ğ—¼Ìğ—» ğ—½ğ—¼ğ—¿ ğ—¼ğ—¿ğ—¶ğ—´ğ—²ğ—» ğ—¿ğ—®ğ—°ğ—¶ğ—®ğ—¹ ğ—¼ ğ—²Ìğ˜ğ—»ğ—¶ğ—°ğ—¼"".â£
Â¿Has sentido un trato diferente a causa de tu origen o color de piel? Ofrecemos un espacio de reflexiÃ³n para la orientaciÃ³n e informaciÃ³n sobre discriminaciÃ³n en cualquier Ã¡mbito de la vida (empleo, educaciÃ³n, sanidad, vivienda, acceso a bienes y servicios, etc.).â£
â£
ğŸ“ Desde la AsociaciÃ³n RumiÃ±ahui (asociacionruminahui), el proyecto de asistencia y orientaciÃ³n a vÃ­ctimas de discriminaciÃ³n por origen racial o Ã©tnico-continuidad, ofrece InformaciÃ³n y asesoramiento para la prevenciÃ³n y detecciÃ³n de incidentes discriminatorios, apoyo psicosocial y acompaÃ±amiento. â£
â£
â†ªï¸ Si te interesa conocer este tema, Â¡no pierdas esta oportunidad! Saber detectar y enfrentarâ£
incidentes discriminatorios nos ayuda a todas y todos.â£
â£
ğŸ—“ï¸ ğ—ğ˜‚ğ—²ğ˜ƒğ—²ğ˜€ ğŸµ ğ—±ğ—² ğ—·ğ˜‚ğ—»ğ—¶ğ—¼. ğ——ğ—² ğŸ­ğŸ­ ğ—® ğŸ­ğŸ¯ğ—µ. â£
ğŸ‘©ğŸ¾â€ğŸ¦³ğŸ‘©ğŸ»ğŸ‘©ğŸ¼â€ğŸ¦± Dirigida a mujeres en toda su diversidad.â£
ğŸ‘ï¸ğŸ‘ï¸ğŸ‘ï¸ InscripciÃ³n previa.â£
â£
ğŸ“Œ Actividad presencial.â£
â˜ï¸ Si te interesa puedes llamar o escribirnos (si tienes dudas tambiÃ©n) ğŸ¤—.â£
â£
Inscripciones y + info:â£
ğŸ“²625 090 251/ ğŸ“915 256 831â£
ğŸ’»emiliapardobazan6@madrid.esâ£
â£
#informaciÃ³n #asesoramiento #mujeres #igualdad #discriminacion #discriminacionracial #discriminacionetnica #asociacionrumiÃ±ahui #racismo #xenofobia #resistencia #resiliencia #sororidad #empoderamiento #feminismo #espaciosdeigualdad #espaciosdeigualdadmadrid #reddeespaciosdeigualdad #eiemiliapardobazan #ciudadlineal #junio",Message,Photo,0,12,,12,0,0,0,GÃ©nero
Twitter,https://twitter.com/_FerLeonMex/statuses/1531531114778611713,_FerLeonMex,5/31/2022 3:00 am,"Soy_SotoLeyva @DraKrugger @ProlifeVeracruz @AsocPadresVer @GobiernoVer @AmerangelLorenz @CarlosLealMx @MariaHerreraMe @Alex_con_3X @ElDictamen @SoyElsaMendez Limosnas, que no prerrogativas, el viejo modelo priÃ­sta, rescatado, ampliado y aplicado por un miserable resentido priÃ­sta.",Mention,Text Only,266,0,"Monterrey, Nuevo LeÃ³n, Mexico",0,0,0,0,Backlash
Twitter,https://twitter.com/eldanyboi/statuses/1531508949270134786,eldanyboi,5/31/2022 1:32 am,Felipe CalderÃ³n es tendencia por puros twits de resentidos con â€œhaber robado la presidencia en 2006â€ no mamen todo bien en casita? Obviamente no ğŸ˜’,Message,Text Only,336,0,"Las Delicias, Baja California, Mexico",0,0,0,0,Backlash
Twitter,https://twitter.com/_FerLeonMex/statuses/1531500289030860800,_FerLeonMex,5/31/2022 12:58 am,"ContinuarÃ¡ la devastaciÃ³n para cumplir el capricho del miserable resentido...
#AMLOTraidorALaPatria | QT: ContinuarÃ¡ obra de Tren Maya para orgullo del pueblo de MÃ©xico.
https://t.co/MNknxMDJoI https://t.co/m0184tHNBM",Message,Text Only,266,0,"Monterrey, Nuevo LeÃ³n, Mexico",0,0,0,0,"Backlash, Origen cultural"
Twitter,https://twitter.com/alerrece/statuses/1531497363835170816,alerrece,5/31/2022 12:46 am,no mamen el Urdapilleta estÃ¡ bien naco y pendejo,Message,Text Only,466,0,"Veracruz, Veracruz, Mexico",0,0,0,0,Odio
Twitter,https://twitter.com/La__Matu/statuses/1531494462723072001,La__Matu,5/31/2022 12:35 am,"Darthrisha Pato....
Se estÃ¡ tirando pa' que lo recojas :v
Eso o sÃ­ tiene un complejo de inferioridad.....",Mention,Text Only,209,0,"Colonia del Valle, Mexico City, Mexico",0,0,0,0,
Twitter,https://twitter.com/victormcp/statuses/1531480575239782400,victormcp,5/30/2022 11:39 pm,"Si te molesta que le cambien la etnia a un personaje que NUNCA EXISTIÃ“, si eres racista pero no te quieres dar cuenta. | QT: BOOOOOOM ğŸ’¥ Tenemos el primer vistazo de  #CynthiaErivo como el Hada Azul para el live action de #Pinocho que prepara #Disney ğŸ¤¥âœ¨ https://t.co/cq4gGaKipH",Message,Text Only,336,4,"Las Delicias, Baja California, Mexico",3,0,1,0,
Twitter,https://twitter.com/_FerLeonMex/statuses/1531470301833338880,_FerLeonMex,5/30/2022 10:59 pm,"Del miserable resentido de #PalacioNacional no vas a estar hablando, ya habÃ­amos quedado...ğŸ™ŠğŸ¤£ | QT: Le ganaste a miles de espermatozoides solo para venir a hacerte pendejo.",Message,Text Only,267,0,"Monterrey, Nuevo LeÃ³n, Mexico",0,0,0,0,Backlash
Twitter,https://twitter.com/JorgeNuno20/statuses/1531465008781082624,JorgeNuno20,5/30/2022 10:38 pm,Flash news! Mientras me duchaba la indigena Gabriela dice haber matado s mi mama para que no la busque yo en h civil viejo donde Lidia quiere internarla apesar de saber que cuenta conIMSS y el sn juande Dios asi como a mi abuela,Message,Text Only,3,0,"Guadalajara, Jalisco, Mexico",0,0,0,0,
Twitter,https://twitter.com/FrankLGo27_2/statuses/1531460763960975360,FrankLGo27_2,5/30/2022 10:21 pm,"MigueLULZ @itdeterror He estado en todas y todas dan asco asÃ­ que ahÃ­ no es, todo lo que sea indio, huye.",Mention,Text Only,11,0,"Guadalajara, Jalisco, Mexico",0,0,0,0,Origen cultural
Twitter,https://twitter.com/JulioCeDP/statuses/1531455205253869568,JulioCeDP,5/30/2022 9:59 pm,...lo que callamos los prietos cobrizos ğŸ˜©ğŸ˜”ğŸ˜¢ https://t.co/jhXaF4hh9z,Message,Photo,4239,4,Mexico,4,0,0,0,
Twitter,https://twitter.com/spidery/statuses/1531451980337528832,spidery,5/30/2022 9:46 pm,"ReginadelC Los <fifis> son los ricos que hacen dinero fÃ¡cil corrompiendo polÃ­ticos corruptos desfalcando el erario publicÃ³ y que se niegan a soltar el poder, todo lo que no entre en esta descripciÃ³n se sitÃºa en la categorÃ­a de wannabes aspiracionistas, clasistas y analfabetos polÃ­ticos.",Mention,Text Only,3102,0,"Ciudad Nezahualcoyotl, MÃ©xico, Mexico",0,0,0,0,
Twitter,https://twitter.com/spidery/statuses/1531451762619580417,spidery,5/30/2022 9:45 pm,"ReginadelC Los <fifis> son los ricos que hacen dinero fÃ¡cil corrompiendo polÃ­ticos corruptos desfalcando el erario publicÃ³ y que se niegan a soltar el poder, todo lo que no entre en esta descripciÃ³n entra en la wannabes aspiracionistas, clasistas y analfabetos polÃ­ticos.",Mention,Text Only,3102,0,"Ciudad Nezahualcoyotl, MÃ©xico, Mexico",0,0,0,0,
Instagram,https://www.instagram.com/p/CeNExXqrk8d/,,5/30/2022 9:39 pm,"El Indio y el Poder en el PerÃº, IEP ğŸ‡µğŸ‡ª (PerÃº 1970, Moncloa Editores)
Ensayos sobre las relaciones interÃ©tnicas en el PerÃº hasta 1970.

Fuenzalida analiza la situaciÃ³n del indio mediante estudios sociales, progreso legal, y la evoluciÃ³n de comunidades (Huayopampa, Moya, Pisaj y Puno) concluyendo que no existe cultura homogÃ©nea indÃ­gena o mestiza, sino una heterogeneidad segÃºn cada contexto local, armÃ¡ndose cadenas tipo Ã¡rbol donde el mestizo es un intermediario entre el mundo moderno y el indio, manteniÃ©ndose asÃ­ su lenta modernidad, explotaciÃ³n desmedida y marginalizaciÃ³n. Sugiere que el racismo transiciona a clasismo junto con la industrializaciÃ³n. Mayer categoriza las comunidades campesinas dentro y fuera de las haciendas, y analiza las relaciones de superioridad de mestizo a indio, y su igualdad por conveniencia. Escobar narra el lento mestizaje antes de y durante la repÃºblica, en la que el despojo de tierras se harÃ­a mÃ¡s agresivo hasta 1920. Estos ensayos destacan el progreso particular de la zona del Mantaro, y tratan la ""cholificaciÃ³n"", donde el cholo surge al desligarse de su mundo indÃ­gena y buscar entrar al mestizo, destruyendo su intermediaciÃ³n, canalizando las demandas indÃ­genas ante la sociedad nacional e incorporÃ¡ndose a ella mediante trabajos precarios, manteniÃ©ndose su discriminaciÃ³n. Bourricaud enlaza misti, indio y cholo en sus relaciones recÃ­procas (compadrazgo y ayni), mÃ¡s importantes para ellos que la ley. Matos Mar seÃ±ala la carga discriminatoria del vocablo ""mestizo"", y finaliza con una cronologÃ­a del problema del indio, que tiene de indiferencia, paternalismo e interÃ©s acadÃ©mico, demostrando su persistencia. Propone rescatar lo valioso de lo indÃ­gena, sin etnocentrismo, afirmando una posiciÃ³n nacionalista que recoja los aportes globales.
â €
Con este libro conocÃ­ la emergencia del ""cholo"" y la situaciÃ³n del campesino cuando aÃºn existÃ­a su peonaje. Desde entonces, la proporciÃ³n de poblaciÃ³n indÃ­gena ha disminuido a favor de la mestiza, formÃ¡ndose entre ambas la mayorÃ­a del paÃ­s. CabrÃ­a preguntarnos: Â¿cuÃ¡nto progreso se ha tenido en integraciÃ³n, industrializaciÃ³n e igualdad en oportunidades? La agenda pendiente es, a mi parecer, innegable.",Message,Photo,0,10,,8,0,2,0,Origen cultural
Twitter,https://twitter.com/josss83/statuses/1531445795299266561,josss83,5/30/2022 9:21 pm,"Racismo y Clasismo, presente en la vida de una Familia, entonces se manifestarÃ¡ los traumas, dolores, violaciones, violencia contra la mujer, trastornos del hombre, es un problema serio, 4t ? 
Que, que cambio ?@AristeguiOnline @HectorMayaI",Message,Text Only,66,0,Mexico,0,0,0,0,GÃ©nero
Instagram,https://www.instagram.com/p/CeNB8PnMJNx/,,5/30/2022 9:14 pm,"#ghostboys una excelente lectura para sentir lo que puede llegar a sufrir una persona por #racismo, leerlo sin duda te llevarÃ¡ a ver lo fuerte que puede ser la #discriminacion y su impacto en la vida de quien la sufre ğŸ¤”#lecturasrecomendadas #lecturaeningles jewellparkerrhodes #newyorktimes",Message,Photo,0,7,,7,0,0,0,
Instagram,https://www.instagram.com/tv/CeM_7qFj81o/,,5/30/2022 8:58 pm,"-Es que eres... Eres...
-Â¡NEGRA! Pero seÃ±ora si eso ya lo sÃ©.

ğŸ¦‹

#REPOST viveafro with get__repost__app

 
#Contrastes | CAPITULO 3 El Racismo y las mujeres.

En pocos dÃ­as Colombia tendrÃ¡ su primera vicepresidenta afro, sin embargo, los ataques por el color de piel, no solo son para las mujeres negras visibles en la esfera pÃºblica.

En la cotidianidad la discriminaciÃ³n racial es la constante.

En este capÃ­tulo quisimos contrastar las experiencias de dos mujeres negras y una blanco-mestiza en la calle, con la pareja y los amigos.

Â¿QuÃ© otras experiencias has vivido en tu cotidianidad?

*Contrastes, es una serie audiovisual para redes sociales producto resultado de la Beca 070 cerosetenta para el cubrimiento de las elecciones.

#racismo #mujeresnegras #mujeresenpolitica #elecciones #vicepresidentanegra  #actress #instagram #afro #likes #repostandroid #repostw10",Message,Video,0,22,,22,0,0,0,GÃ©nero
Twitter,https://twitter.com/polobarquera/statuses/1531439287392141312,polobarquera,5/30/2022 8:55 pm,"elbuenre Alguna vez leÃ­ que tambiÃ©n era racista querer darles visibilidad a otras razas con papeles que fueron interpretados originalmente por personas blancas, en vez de escribir historias nuevas donde ellos sean los protagonistas.",Mention,Text Only,54260,0,"Cuauhtemoc, Mexico City, Mexico",0,0,0,0,
Twitter,https://twitter.com/polobarquera/statuses/1531434973403783170,polobarquera,5/30/2022 8:38 pm,"elbuenre No es racismo, me encantan los negros, salÃ­ con uno. Simplemente pedimos que respeten la representaciÃ³n original del personaje porque es asÃ­ como lo recordamos con nostalgia. El problema es que confunden una cosa con la otra.",Mention,Text Only,54259,0,"Cuauhtemoc, Mexico City, Mexico",0,0,0,0,
Instagram,https://www.instagram.com/tv/CeM3YH9F5Fd/,,5/30/2022 8:00 pm,"#Contrastes | CAPITULO 3 El Racismo y las mujeres.

En pocos dÃ­as Colombia tendrÃ¡ su primera vicepresidenta afro, sin embargo, los ataques por el color de piel, no solo son para las mujeres negras visibles en la esfera pÃºblica.

En la cotidianidad la discriminaciÃ³n racial es la constante.

En este capÃ­tulo quisimos contrastar las experiencias de dos mujeres negras y una blanco-mestiza en la calle, con la pareja y los amigos.

Â¿QuÃ© otras experiencias has vivido en tu cotidianidad?

*Contrastes, es una serie audiovisual para redes sociales producto resultado de la Beca 070 cerosetenta para el cubrimiento de las elecciones.

#racismo #mujeresnegras #mujeresenpolitica #elecciones #vicepresidentanegra",Message,Video,0,82,,74,0,8,0,GÃ©nero
Instagram,https://www.instagram.com/p/CeMzxk-Nfpn/,,5/30/2022 7:10 pm,"A ver, teniendo en cuenta que seguÃ­a a ambos y tuve que dejar de seguirlos porque segÃºn eran lanzaos al olvido, reavivaban su fama a base de hacer este tipo de comentarios APOSTA pa generar polÃ©mica y abandonaron el procurar que su contenÃ­o tuviese calidad... pos ni me extraÃ±a el comment de uno ni la risa del otro.

En el caso de Frank me hace gracia porque ha tenÃ­o conciencia de raza y Ã©l mismo criticaba la sinonimia negativa de lo asiÃ¡tico y/o tailandÃ©s por su ex-mujer (que no me extraÃ±a que sea ex). Pero ahora dice ""gitanillo"" (que no pasa nada, todos tenemos esos microrracismos en automÃ¡tico, se pide perdÃ³n y ya) y se da cuenta y es como ""venga, vamos a doblar la apuesta que asÃ­ habrÃ¡ comidilla pa unos dÃ­as"".

Y el Jordi Wild se empeÃ±Ã³ en que como a los metaleros gays no nos ofendÃ­a fÃ¡cilmente sus chistecitos de mierda, pos redoblar la apuesta y pasÃ³ a insultos, prÃ¡cticamente, porque ""mala fama, fama est"". Lo dejÃ© de seguir no por ofenderme, porque un pringao catalÃ¡n cishetero que se quedÃ³ en el heavy metal de los 80s NO tiene capacidad de ofender a un metalero extremo m*ricÃ³n andaluz pero ni en sus mejores sueÃ±os... pero es que su desesperaciÃ³n por ofender a ALGUIEN, quiÃ©n sea, pos ya daba pena, penita, pena ğŸ¤¦ğŸ»â€â™‚ï¸

OjalÃ¡ os salga el tiro por la culata.

ARZA.

ğŸ¼Limbonic Art - In Mourning MystiqueğŸµ

#racismo #antigitanismo #arabofobia #desesperacion",Message,Video,0,11,,11,0,0,0,"Sexodiversidad, GÃ©nero"
Twitter,https://twitter.com/demiandu/statuses/1531412522573647874,demiandu,5/30/2022 7:09 pm,"Tonymatalopez @jairocalixto Grandes autores, prosapia del derechairismo nato y neto. Desde el lenguaje de la imagen al quÃ© pedo con los chavos. SÃºper, habrÃ¡s de crecer en la ignorancia y el clasismo.",Mention,Text Only,8616,0,"Venustiano Carranza, Mexico City, Mexico",0,0,0,0,
Twitter,https://twitter.com/JorgeNuno20/statuses/1531410648642596866,JorgeNuno20,5/30/2022 7:02 pm,Pues ya en la fiscalia en calle 14 y me negaron la demuncia de hechos y podible asesinsto de mi familia por Rodolfo Blanco quien esta aqui tambien lo escucho peeguntar si valdra la pena esto... Con la indigena prostituta de Gabriela Henandez debio llamar de nuevo ..,Message,Text Only,3,0,"Guadalajara, Jalisco, Mexico",0,0,0,0,
Twitter,https://twitter.com/NasheVC/statuses/1531405582862692352,NasheVC,5/30/2022 6:41 pm,"Es mi pensar que todo mundo hemos sido el algÃºn momento de nuestras vidas, machistas, clasistas y racistas. Y pues que sad.",Message,Text Only,336,0,"Dolores Hidalgo Cuna de la Independencia Nacional, Guanajuato, Mexico",0,0,0,0,
Instagram,https://www.instagram.com/tv/CeMtRgah3na/,,5/30/2022 6:15 pm,"La dualidad animalidad/humanidad es una construcciÃ³n arcaica y eurocÃ©ntrica definida por las sociedades de 1700, quienes definieron la animalidad como todo aquello que es despreciable para la moral y asÃ­ separarnos como especie y tambiÃ©n por razas con una intenciÃ³n supremacista de la blanquitud. Esta concepciÃ³n debe desaparecer junto con la percepciÃ³n humana instrumentalista y fascista sobre el resto de lxs animales.

Reflexionemos juntxs sobre la animalidad y cÃ³mo es que hemos convertido la palabra ""animal"" en un adjetivo y un significante carente de vida, resultando en la reproducciÃ³n de la violencia hacia lxs demÃ¡s animales.

Escucha esta cÃ¡psula completa, compÃ¡rtela y cuÃ©ntanos Â¿Ya habÃ­as reflexionado al respecto?

ciudadana660 
polifaceticaenelinsta 

#Veganismo #antiespecismo #racismo #especie #raza #animalidad #humanidad #animales #antropocentrismo #interseccionalidad",Message,Video,0,9,,8,0,1,0,
Twitter,https://twitter.com/Joanchys/statuses/1531396537116401665,Joanchys,5/30/2022 6:06 pm,IrvingGatell @FelipeCalderon irving dan lastima tus opiniones ese indio tarasco ademas de briago fue amante de castillo peraza pero  todavia  existen pendejos como ustedes,Mention,Text Only,1,0,"Iztacalco, Mexico City, Mexico",0,0,0,0,Origen cultural
Instagram,https://www.instagram.com/p/CeMqKCGK-b_/,,5/30/2022 5:46 pm,"Voleibol: suspenden a entrenador ruso por ofensas racistas a jugadora cubana.

El hecho ocurriÃ³ el pasado 12 de mayo, durante un tiempo muerto en el partido decisivo de la serie final del campeonato de Rusia, cuando el preparador AndrÃ©i Voronkov, del Lokomotiv, se refiriÃ³ a la cubana Ailama CesÃ© Montalvo como una â€œmonaâ€ por el color de su piel.

ğŸ“ŒToda la noticia en el link de la Bio.

 Foto: Ria Novosti / Archivo.

ailamacese #rusia #voleibolfemenino #voleibol #voleibolcubano #racismo 

OnCubaNews.com",Message,Photo,0,20,,20,0,0,0,
Twitter,https://twitter.com/gasfransol/statuses/1531384266550034434,gasfransol,5/30/2022 5:17 pm,"beltrandelrio 

Por un lado, alguien que, gracias a su trabajo mundial en favor de las energÃ­as limpias, es invitado a ser dirigente de la FIA. Viaja invitado por el PrÃ­ncipe de MÃ³naco.
Por el otro, un resentido, envidioso, vengativo y cobarde matoncito. Claro que no son iguales",Mention,Text Only,385,0,Mexico,0,0,0,0,Backlash
Twitter,https://twitter.com/robertohcar/statuses/1531374511920238593,robertohcar,5/30/2022 4:38 pm,"CuÃ¡ndo pensamos que @ClouthierManuel no puede ser mÃ¡s imbecil, irrespetuoso, resentido y corriente, siempre nos dice ""quitense que ahÃ­ les voy"" https://t.co/xoDZ9KKrYG",Message,Photo,264,0,"Garza Garcia, Nuevo LeÃ³n, Mexico",0,0,0,0,Backlash
Twitter,https://twitter.com/rogeliocm00/statuses/1531366128160759808,rogeliocm00,5/30/2022 4:05 pm,"IrvingGatell @FelipeCalderon Y el hecho de que CalderÃ³n no es precisamente ""blanco"", para culpar al racismo por esto. https://t.co/uV6Y7cpdiB",Mention,Photo,831,0,"Colima, Colima, Mexico",0,0,0,0,
Twitter,https://twitter.com/BXuspe/statuses/1531363146757283840,BXuspe,5/30/2022 3:53 pm,"Ã‰sta es la primera parte dela respuesta de @YasnayaEG a lo dicho por @pablo_majluf sobre el racismo en MÃ©xico | QT: Columna | ""Muchas personas acusan, desde la derecha y desde la izquierda, que hablar del racismo tiene que ver con recientes polÃ­ticas identitarias posmodernas que dejan de lado lo verdaderamente importante"" 

Por @YasnayaEG https://t.co/DfMty3x3bs",Message,Text Only,2924,91,"Venustiano Carranza, Mexico City, Mexico",69,0,5,17,
Twitter,https://twitter.com/chelordz17/statuses/1531362059673214976,chelordz17,5/30/2022 3:49 pm,Brayan01175567 @BRWalkoff @PitchingNinja Esta duro el indio.,Mention,Text Only,1014,0,Mexico,0,0,0,0,Origen cultural
Instagram,https://www.instagram.com/p/CeMajUMMvVQ/,,5/30/2022 3:30 pm,"âŒ El chineo es infanticidio, genocidio y racismo âŒ

âœŠğŸ½ Mujeres representantes de unas 21 naciones y comunidades originarias, nucleadas en el 3er Parlamento Plurinacional de Mujeres y Diversidades IndÃ­genas por el Buen Vivir, acordaron acciones de urgencia contra la violencia de gÃ©nero racista y colonial.

ğŸ”º Con el objetivo principal de abolir el ""chineo"", una praÌctica colonial que hoy continua existiendo en mano de los criollos, las empresas transnacionales que operan en los territorios, las fuerzas de seguridad del Estado y el patriarcado que atraviesa las comunidades. 

ğŸ—£ La organizaciÃ³n explica que estos abusadores las eligen ""a modo de rito iniciÃ¡tico de la sexualidad de las infiancias. Esto es posible por la impunidad que se disfraza de costumbre culturalâ€.

MirÃ¡ la nota completa en el link de nuestra bio â˜ğŸ½

#bastadechineo #movimientodemujeresindigenasporelbuenvivir 
#femicidios  #feminismos #racismo #genocidio #patriarcado #colonialismo #violenciadegenero",Message,Photo,0,880,,874,0,6,0,"Odio, GÃ©nero"
Instagram,https://www.instagram.com/p/CeMX6vju1sX/,,5/30/2022 3:07 pm,"ğŸ—³ PolÃ­tica : 

Kamala Harris, vicepresidenta de Estados Unidos, visitÃ³ el dÃ­a de ayer la Iglesia Bautista Mount Olive en Buffalo para presentar sus respetos en el funeral de Ruth Whitfield, mujer de 86 aÃ±os vÃ­ctima de un tiroteo que ocurriÃ³ hace dos semanas en el supermercado Tops Friendly Market, en Buffalo. Se ha confirmado que el ataque fue motivado por ideas supremacistas, ya que el atacante se dirigiÃ³ principalmente a personas de color. 

Sigue leyendo en apalancado.con.mx

#Conspiraciones #CrÃ­menesdeodio #Defunciones #DiscriminaciÃ³n #EstadosUnidos #Funeral #KamalaHarris #Racismo #Tiroteo #VÃ­ctimas",Message,Photo,0,9,,9,0,0,0,GÃ©nero
Twitter,https://twitter.com/josarcali/statuses/1531341516874055684,josarcali,5/30/2022 2:27 pm,"ZaldivarGamboaHâ€¦Rumia u envidia chayote acomplejado | QT: @uriaschrist Â¿Cuanto nos costo ese puesto?, porque el de iberdrola nos saliÃ³ muy caro.",Mention,Text Only,30,0,"Cuauhtemoc, Mexico City, Mexico",0,0,0,0,
Twitter,https://twitter.com/gasfransol/statuses/1531332114041524224,gasfransol,5/30/2022 1:50 pm,"PFifiona Para empezar, nunca va a viajar a MÃ³naco. Su enorme complejo de inferioridad de lo impide",Mention,Text Only,382,0,Mexico,0,0,0,0,
Twitter,https://twitter.com/dano_dls/statuses/1531328191813537792,dano_dls,5/30/2022 1:34 pm,CocteauTwiins Chale... Soy un molesto Cutis Prieto. :v,Mention,Text Only,645,0,"Miguel Hidalgo, Mexico City, Mexico",0,0,0,0,
Twitter,https://twitter.com/roberto_ruenes/statuses/1531325781963681793,roberto_ruenes,5/30/2022 1:24 pm,"jgnaredo No es racismo, ni clasismo, solo es denostar que â€œrupestreâ€ es el solo saber cosas del Ranchito y falta de cultura, porque la educaciÃ³n te deja saber muchas cosas aunque no las acostumbres, palero arrastrado ğŸ‘€
@JLozanoA @DiegoFC @SocCivilMx https://t.co/f4zGy0xIds",Mention,Photo,198,0,"Naucalpan de Juarez, MÃ©xico, Mexico",0,0,0,0,
Twitter,https://twitter.com/_FerLeonMex/statuses/1531325310221930496,_FerLeonMex,5/30/2022 1:22 pm,"Que dice el miserable resentido que ya estÃ¡ listo para el #Chapuzon...
#AMLOBurlaMundial 
#AMLOTraidorALaPatria https://t.co/cmbFSvSmX0",Message,Photo,267,0,"Monterrey, Nuevo LeÃ³n, Mexico",0,0,0,0,Backlash
Twitter,https://twitter.com/finanzbelmont/statuses/1531316808078217219,finanzbelmont,5/30/2022 12:49 pm,"FadlalaAkabani @FelipeCalderon Pobre resentido que nunca harÃ¡ nada mÃ¡s que lo que le ordenen sus superiores, ya que solo son floreros a la hora de entregar resultados en la pobre CDMX que cada vez estÃ¡ peor en delincuencia y otros aspectos.

AsÃ­ que quierase usted y dejÃ© a los demÃ¡s hacer lo que quieran.ğŸ˜âœŒğŸ»",Mention,Text Only,114,0,Mexico,0,0,0,0,Backlash
Twitter,https://twitter.com/gasfransol/statuses/1531312030795419651,gasfransol,5/30/2022 12:30 pm,"El_Universal_Mx Un resentido traumado ignorante que CalderÃ³n es funcionario de la FIA por lo que debe estar en todas las carreras de F1, algo que jamÃ¡s en su vida lograrÃ¡ ningÃºn cuatrotero mediocre y amargado",Mention,Text Only,383,246,Mexico,227,0,1,18,Backlash
Twitter,https://twitter.com/ilich_flores/statuses/1531311048799793152,ilich_flores,5/30/2022 12:26 pm,La envidia que sientas es directamente proporcional a tu inferioridad. AhÃ­ ta la perla ahijados,Message,Text Only,9666,0,"Azcapotzalco, Mexico City, Mexico",0,0,0,0,
Twitter,https://twitter.com/laelebebe/statuses/1531310787586887680,laelebebe,5/30/2022 12:25 pm,"AdiÃ³s incapacidad
Hola discriminaciÃ³n post covid",Message,Text Only,573,0,"Toluca, MÃ©xico, Mexico",0,0,0,0,
Instagram,https://www.instagram.com/tv/CeME42-lno0/,,5/30/2022 12:21 pm,"#Nacionales.- Con carteles y pancartas, #representantes de diversas Organizaciones populares, #protestaron la maÃ±ana de este lunes frente al Palacio Nacional, para demandar del Gobierno, el #cese de los #operativos que segÃºn informaron se llevan de manera continua por la DirecciÃ³n Nacional de MigraciÃ³n y otras y instituciones, en Ciudad Juan Bosch.

Los manifestantes, acusaron al Gobierno que encabeza LuÃ­s Abinader de ser #racista, alegaron ademÃ¡s, que ciudad Juan Bosch ha sido levantada con mano de obra #haitiana y que ahora por presiones de grupos racistas pretenden sacarlos de la zona.

MÃ¡s detalles en nuestro portal www.noticiassin.com

#noticiassin #JuanBosh #migraciÃ³n #operativos #protesta",Message,Video,0,451,,199,0,252,0,
Instagram,https://www.instagram.com/tv/CeMEvnLlTHC/,,5/30/2022 12:20 pm,"Y es que acaso porque uno presta un servicio debe dejarse maltratar? #homofobia #xenofobia #racista #clasista #denuncia #viral #maltrato ##proteccion #pride #lgbtq
#colombia #mujeres",Message,Video,0,28,,15,0,13,0,GÃ©nero
Instagram,https://www.instagram.com/p/CeL9R6xuMxk/,,5/30/2022 11:14 am,"[vendido]

Una historia de la conciencia. Ensayos escogidos.
Angela Davis.

La trayectoria vital e intelectual de Angela Davis se enmarca en la tradiciÃ³n estadounidense de la resistencia civil, que nace con las revueltas de los primeros africanos trasladados por la fuerza al hemisferio occidental. Como tantos militantes que pusieron en cuestiÃ³n la legitimidad de las leyes del Estado, ha sido perseguida, encarcelada y difamada. En 1970, cuando saltÃ³ a la escena pÃºblica internacional al ser incluida entre los criminales mÃ¡s buscado por el FBI, se la presentÃ³ como una revolucionaria violenta y â€œenemigaâ€ del Estado. En realidad, era una ciudadana consciente, que participa en la organizaciÃ³n de un movimiento cuyo objetivo era lograr la inconstitucionalidad de la pena de muerte y la liberaciÃ³n de los presos polÃ­ticos.

â€œUna historia de la conciencia reÃºne 16 textos, la mayorÃ­a de ellos inÃ©ditos en castellano, que abarcan 4 dÃ©cadas de reflexiÃ³n y activismo en torno a cuestiones como el racismo, el feminismo y las prisiones, como tambiÃ©n temas como el blues o la fotografÃ­a.

Precio: $10.000

#arica #aricayparinacota #aricachile #iquique #antofagasta #nortechile #chile #angeladavis #historia #activista #feminismo #racismo #presospolÃ­ticos #cholapatipela",Message,Photo,0,6,,6,0,0,0,
Twitter,https://twitter.com/AGilbertoHdez/statuses/1531292436504379394,AGilbertoHdez,5/30/2022 11:12 am,"IrvingGatell @FelipeCalderon Oigan, Â¿en serio no se dan cuenta de su clasismo?",Mention,Text Only,709,0,"Teotihuacan de Arista, MÃ©xico, Mexico",0,0,0,0,
Twitter,https://twitter.com/LeonardoAlmar17/statuses/1531291151994593282,LeonardoAlmar17,5/30/2022 11:07 am,vuvaluu__ @poppiesofmonet @justneithan @javijavo589 @alonsohj13 Srry @alonsohj13 saliste prieto por mi culpa.,Mention,Text Only,66,0,"Cuautitlan, MÃ©xico, Mexico",0,0,0,0,
Twitter,https://twitter.com/N1K4T0/statuses/1531289109322424322,N1K4T0,5/30/2022 10:59 am,"Â¿CuÃ¡nto pasÃ³? Â¿Quince minutos? | QT: Oh no, los fans de SW ya estÃ¡n de racistas de nuevo. ğŸ¤¦ğŸ½â€â™€ï¸",Message,Text Only,599,0,"Zamora, MichoacÃ¡n, Mexico",0,0,0,0,
Twitter,https://twitter.com/palodelmar/statuses/1531274408840597504,palodelmar,5/30/2022 10:00 am,"Racismo_MX necesitamos un space en Twitter que hable de representaciÃ³n ğŸ’ | QT: Â¿Es que cuando hablamos de representaciÃ³n de quÃ© hablamos? Gente negra: profundicemos sobre la representaciÃ³n mÃ¡s allÃ¡ de la apariencia fÃ­sica de las personas que estÃ¡n en la polÃ­tica, representaciÃ³n deberÃ­a significar proyecto polÃ­tico.",Mention,Text Only,920,0,"Tlalpan, Mexico City, Mexico",0,0,0,0,
Twitter,https://twitter.com/hdpDurango/statuses/1531268806567395329,hdpDurango,5/30/2022 9:38 am,"Que dice el racista que no sean racistas. | QT: RETO

Encuentre UNA persona de tez morena, de entre toda la gente de Jalisco y Nuevo LeÃ³n con la que se reuniÃ³ el 
@ClaudioXGG este fin de semana

Una sola, por favor.

Â¿EstÃ¡ claro el MÃ©xico que quiere, no?ğŸ˜ https://t.co/CoeiYGsKca",Message,Text Only,110,0,Mexico,0,0,0,0,
Twitter,https://twitter.com/LuisEVera3/statuses/1531265147989262336,LuisEVera3,5/30/2022 9:23 am,"DanaEscalante4 @LOVREGA @shilkat Luego andan todos ofendidos por el ""clasismo"".",Mention,Text Only,984,0,"Santa Rosa Jauregui, QuerÃ©taro, Mexico",0,0,0,0,
Instagram,https://www.instagram.com/p/CeLnGNQoBo7/,,5/30/2022 8:00 am,"El grito Â«Â¡Arriba EspaÃ±a!Â» se convirtiÃ³ en obligatorio durante la #GuerraCivil en el bando sublevado. La elecciÃ³n Â«ArribaÂ» en vez de Â«VivaÂ» se justificaba por la verticalidad del Â«arribaÂ» que casaba mejor con la disposiciÃ³n activa de un patriota. Wikipedia.

DidÃ¡cticos y rojos....lo mejor contra los ignorantes de #v0x 

#VoxEsOdio #VoxEsRacismo #PatriotasDeSalÃ³n #PatriotasDePulseritas #PatriotasDePulsera #FueraFascistasDeNuestrosBarrios #FueraNazisDeMadrid #VoxMitivox #VoxEsRacismo #VoxEsBasura #VoxEsHomofobia #FueraFascistasDeMiBarrio #Racismo #FueraFascistasDeNuestrosBarrios #satirapolitica #satiricalcartoons #humorgrafico #humoramenazado #humor #graphicartist #cartoons #cartoonist #viÃ±etas #viÃ±etista #ilustracion",Message,Photo,0,407,,398,0,9,0,
Twitter,https://twitter.com/CesarHabre/statuses/1531234951336800257,CesarHabre,5/30/2022 7:23 am,"Me imagino que usted estudio en Cuba e hizo un post grado en Venezuela con todos los beneficios que otorgan los paraÃ­sos perfectos.
Entonces usted nunca se beneficio del modelo econÃ³mico chileno por ser injusto y clasista.
WNS HIPÃ“CRITAS HEDIONDOS DE ODIO | QT: Confundir los arreglos que le hizo Lagos en 2005 con el rol de Pinochet en la constituciÃ³n de 1980 es como confundir la mantenciÃ³n de un auto con su fabricaciÃ³n. Si Ã©lites empresariales realmente tienen esa confusiÃ³n, tal vez  es parte de la explicaciÃ³n de nuestro subdesarrollo.",Message,Text Only,434,0,"Ciudad Madero, Tamaulipas, Mexico",0,0,0,0,
Instagram,https://www.instagram.com/p/CeLYop_jms8/,,5/30/2022 5:54 am,"PatrÃ³n de abuso emocional en el que la vÃ­ctima es manipulada para que llegue a dudar de su propia percepciÃ³n, juicio o memoria...

#espacioslibresderacismo #gaslighting #racismo #stopracismnowâœŠğŸ»âœŠğŸ¼âœŠğŸ½âœŠğŸ¾âœŠğŸ¿ #emociones #validacionemocional",Message,Photo,0,13,,13,0,0,0,
Instagram,https://www.instagram.com/p/CeLOxW3t2-a/,,5/30/2022 4:28 am,"Asciende el nÃºmero de personas afroamericanas en EE.UU. que temen agresiones fÃ­sicas

#EstadosUnidos #EEUU #racismo #news #noticias #almayadeen #almayadeenespaÃ±ol #violaciones #derechoshumanos",Message,Photo,0,20,,20,0,0,0,
Twitter,https://twitter.com/Karina_Romanr/statuses/1531174716290920449,Karina_Romanr,5/30/2022 3:24 am,"Yo no sÃ© si poner en mi portada a chequito o al prieto mayor ğŸ˜©, pero quizÃ¡ deje al pingÃ¼ino para evitar conflictos https://t.co/6fxbScWYBY",Message,Photo,125,0,"Nogales, Arizona, United States",0,0,0,0,
Twitter,https://twitter.com/cel_calvo/statuses/1531166968203595776,cel_calvo,5/30/2022 2:53 am,adolfo_oe @cristin33915548 @DeniseDresserG Acomplejado y resentido.,Mention,Text Only,16,0,"Colonia del Valle, Mexico City, Mexico",0,0,0,0,Backlash
Twitter,https://twitter.com/YoSoyParamo/statuses/1531153177302732800,YoSoyParamo,5/30/2022 1:58 am,"No es un tema de #clasismo, de #whitexicans vs morenos. Es un tema de dignidad nacional. 
#FelipeCalderon es un corrupto, vende patrias, asesino que en lugar de estar tras las rejas, festeja en #MÃ³naco al amparo de la #FIA https://t.co/B2UKKX2HiB",Message,Photo,133,0,"Tlalpan, Mexico City, Mexico",0,0,0,0,
Twitter,https://twitter.com/ChecoMart/statuses/1531144204159705089,ChecoMart,5/30/2022 1:23 am,EstÃ¡ acomplejado el bulto Lopez | QT: Pobre pelao!! https://t.co/cikPnZTNAR,Message,Text Only,4,0,"Colonia del Valle, Mexico City, Mexico",0,0,0,0,
Twitter,https://twitter.com/TezoRomero/statuses/1531134277634646016,TezoRomero,5/30/2022 12:43 am,"ClaudioXGG @kenialopezr ademÃ¡s de FACHA HIPÃ“CRITA ES UNA #TRAIDORA_A_LA_PATRIA 
@ClaudioXGG VENDEPATRIAS ACOMPLEJADO!
AMBOS CARECEN DE CREDIBILIDAD! https://t.co/bI5T0Lecn8",Mention,Photo,1536,0,"Ciudad Lopez Mateos, MÃ©xico, Mexico",0,0,0,0,
Twitter,https://twitter.com/DiegoEduardolun/statuses/1531130844475269124,DiegoEduardolun,5/30/2022 12:30 am,"El sello caracterÃ­stico de la 4T, resentidos y viviendo del pasado.
AcuÃ©rdate de tu pauperrima gestiÃ³n el aÃ±o pasado. | QT: El automovilismo es un deporte elitista, sÃ³lo un porcentaje muy pequeÃ±o del pueblo mexicano tiene acceso.

Festejar un triunfo de esa magnitud es reÃ­rse de todos los mexicanos que estÃ¡n sumergidos en la miseria y esclavitud neoliberal. https://t.co/Sp163sg3iG",Message,Text Only,88,0,"Venustiano Carranza, Mexico City, Mexico",0,0,0,0,Backlash
Twitter,https://twitter.com/juancarbeno/statuses/1531130133561675776,juancarbeno,5/30/2022 12:27 am,"CÃ³mo simpatizante de Chivas y aficionado del San Luis, lo que haga el Atlas y sus triunfos nos vienen valiendo tres kilogramos de badajo de prieto de wasap. 

A los que les arde son a esos que siempre hablan de Cruz Azul, AmÃ©rica y Pumas.",Message,Text Only,1573,0,Mexico,0,0,0,0,
Twitter,https://twitter.com/cocrajuve/statuses/1531130047846879232,cocrajuve,5/30/2022 12:27 am,"Lamentable tu caso como ser humano, eres el prototipo del mexicano mediocre y resentido social.
Te deseo buena vida, ladrona. https://t.co/urkJfnOI1A | QT: El gobierno federal ha apoyado a todos los atletas como nunca. Incluido al propio @SChecoPerez, cuya carrera ha ido en su fase mÃ¡s brillante de ascenso en esta administraciÃ³n, lamentamos la traiciÃ³n al pueblo vÃ­ctima de CalderÃ³n, le retiraremos el apoyo.",Message,Photo,323,0,"Santa Rosa Jauregui, QuerÃ©taro, Mexico",0,0,0,0,Backlash
Twitter,https://twitter.com/grupokodro/statuses/1531129407745708038,grupokodro,5/30/2022 12:24 am,jenarovillamil Che resentido ! https://t.co/bQT7VXaQm5,Mention,Photo,1366,0,"Cuernavaca, Morelos, Mexico",0,0,0,0,Backlash
Twitter,https://twitter.com/ShanghaiCln/statuses/1531128209525207040,ShanghaiCln,5/30/2022 12:19 am,"Vakeroporno @Gnozin Pobres, pendejos e ignorantes... Precisamente hoy en un grupo de CÃ¡mara empresarial hicieron una ""reflexiÃ³n"" de este tipo. Me queda claro que no salir adelante es por complejos,etc en sus propias cabezas que los transpolan a las clases sociales.",Mention,Text Only,1699,0,"Villa de Costa Rica, Sinaloa, Mexico",0,0,0,0,
Twitter,https://twitter.com/EMollerB/statuses/1531126161824153600,EMollerB,5/30/2022 12:11 am,"jgnaredo Jajajajajajaja pobre acomplejado. Es incapaz de entender el concepto. No le da la cabeza.

Ese es el nivel. Dolidos e ignorantes.",Mention,Text Only,4664,0,"Merida, YucatÃ¡n, Mexico",0,0,0,0,
